,origin_country,origin_consulate,country,city,latitude,longitude
0,ALBANIA,TIRANA,ALBANIA,TIRANA,41.3279485,19.8185512
1,ALGERIA,ALGIERS,ALGERIA,ALGIERS,36.7753606,3.0601882
2,ARGENTINA,BUENOS AIRES,ARGENTINA,BUENOS AIRES,-34.6075682,-58.4370894
3,AUSTRALIA,CANBERRA,AUSTRALIA,CANBERRA,-35.2975906,149.1012676
4,AZERBAIJAN,BAKU,AZERBAIJAN,BAKU,40.3754434,49.8326748
5,BELGIUM,BRUSSELS,BELGIUM,BRUSSELS,50.8465573,4.351697
6,BOSNIA AND HERZEGOVINA,SARAJEVO,BOSNIA AND HERZEGOVINA,SARAJEVO,43.8519774,18.3866868
7,BRAZIL,BRASILIA,BRAZIL,BRASILIA,-10.3333333,-53.2
8,BULGARIA,SOFIA,BULGARIA,SOFIA,42.6978634,23.3221789
9,CANADA,OTTAWA,CANADA,OTTAWA,45.4211435,-75.6900574
10,CHILE,SANTIAGO DE CHILE,CHILE,SANTIAGO DE CHILE,-33.4377756,-70.6504502
11,CHINA,BEIJING,CHINA,BEIJING,39.906217,116.3912757
12,CHINA,SHANGHAI,CHINA,SHANGHAI,31.2322758,121.4692071
13,CROATIA,ZAGREB,CROATIA,ZAGREB,45.8131847,15.9771774
14,CUBA,HAVANA,CUBA,HAVANA,23.135305,-82.3589631
15,CYPRUS,NICOSIA,CYPRUS,NICOSIA,35.1748976,33.3638568
16,CZECH REPUBLIC,PRAGUE,CZECH REPUBLIC,PRAGUE,50.0874654,14.4212535
17,DENMARK,COPENHAGEN,DENMARK,COPENHAGEN,55.6867243,12.5700724
18,EGYPT,CAIRO,EGYPT,CAIRO,30.0443879,31.2357257
19,ETHIOPIA,ADDIS ABEBA,ETHIOPIA,ADDIS ABEBA,9.0107934,38.7612525
20,FINLAND,HELSINKI,FINLAND,HELSINKI,60.1674881,24.9427473
21,FORMER YUGOSLAV REPUBLIC OF MACEDONIA,SKOPJE,MACEDONIA,SKOPJE,41.9960924,21.4316495
22,FRANCE,PARIS,FRANCE,PARIS,48.8588897,2.3200410217200766
23,GERMANY,BERLIN,GERMANY,BERLIN,52.5170365,13.3888599
24,GERMANY,MUNICH,GERMANY,MUNICH,48.1371079,11.5753822
25,HONG KONG S.A.R.,HONG KONG,HONG KONG,HONG KONG,22.2793278,114.1628131
26,HUNGARY,BUDAPEST,HUNGARY,BUDAPEST,47.4979937,19.0403594
27,INDIA,NEW DELHI,INDIA,NEW DELHI,28.6138954,77.2090057
28,INDONESIA,JAKARTA,INDONESIA,JAKARTA,-6.1753942,106.827183
29,IRAN,TEHERAN,IRAN,TEHERAN,35.6892523,51.3896004
30,IRELAND,DUBLIN,IRELAND,DUBLIN,53.3497645,-6.2602732
31,ISRAEL,TEL AVIV,ISRAEL,TEL AVIV,32.0852997,34.7818064
32,ITALY,MILAN,ITALY,MILAN,45.4641943,9.1896346
33,ITALY,ROME,ITALY,ROME,41.8933203,12.4829321
34,JAPAN,TOKYO,JAPAN,TOKYO,35.6828387,139.7594549
35,JORDAN,AMMAN,JORDAN,AMMAN,31.9515694,35.9239625
36,KAZAKHSTAN,ASTANA,KAZAKHSTAN,ASTANA,51.1282205,71.4306682
37,KENYA,NAIROBI,KENYA,NAIROBI,-1.2832533,36.8172449
38,KUWAIT,KUWAIT,KUWAIT,KUWAIT,29.2733964,47.4979476
39,LEBANON,BEIRUT,LEBANON,BEIRUT,33.8959203,35.47843
40,MALAYSIA,KUALA LUMPUR,MALAYSIA,KUALA LUMPUR,3.1516964,101.6942371
41,MALTA,VALETTA,MALTA,VALETTA,35.8989818,14.5136759
42,MEXICO,MEXICO CITY,MEXICO,MEXICO CITY,19.4326296,-99.1331785
43,MOROCCO,RABAT,MOROCCO,RABAT,34.022405,-6.834543
44,NETHERLANDS,THE HAGUE,NETHERLANDS,THE HAGUE,52.0799838,4.3113461
45,NIGERIA,ABUJA,NIGERIA,ABUJA,9.0643305,7.4892974
46,NORWAY,OSLO,NORWAY,OSLO,59.9133301,10.7389701
47,PAKISTAN,ISLAMABAD,PAKISTAN,ISLAMABAD,33.6938118,73.0651511
48,PERU,LIMA,PERU,LIMA,-12.0621065,-77.0365256
49,PHILIPPINES,MANILA,PHILIPPINES,MANILA,14.5907332,120.9809674
50,POLAND,WARSAW,POLAND,WARSAW,52.2319581,21.0067249
51,PORTUGAL,LISBON,PORTUGAL,LISBON,38.7077507,-9.1365919
52,ROMANIA,BUCHAREST,ROMANIA,BUCHAREST,44.4361414,26.1027202
53,RUSSIAN FEDERATION,MOSCOW,RUSSIAN FEDERATION,MOSCOW,55.7504461,37.6174943
54,SAUDI ARABIA,RIYADH,SAUDI ARABIA,RIYADH,24.638916,46.7160104
55,SENEGAL,DAKAR,SENEGAL,DAKAR,14.693425,-17.447938
56,SERBIA,BELGRADE,SERBIA,BELGRADE,44.8178131,20.4568974
57,SLOVAKIA,BRATISLAVA,SLOVAKIA,BRATISLAVA,48.1516988,17.1093063
58,SLOVENIA,LJUBLJANA,SLOVENIA,LJUBLJANA,46.0499803,14.5068602
59,SOUTH AFRICA,PRETORIA,SOUTH AFRICA,PRETORIA,-25.7459374,28.1879444
60,SOUTH KOREA,SEOUL,SOUTH KOREA,SEOUL,37.5666791,126.9782914
61,SPAIN,MADRID,SPAIN,MADRID,40.4167047,-3.7035825
62,SWEDEN,STOCKHOLM,SWEDEN,STOCKHOLM,59.3251172,18.0710935
63,SWITZERLAND,BERN,SWITZERLAND,BERN,46.9482713,7.4514512
64,TAIWAN,TAIPEI,TAIWAN,TAIPEI,25.0375198,121.5636796
65,THAILAND,BANGKOK,THAILAND,BANGKOK,13.7525438,100.4934734
66,TUNISIA,TUNIS,TUNISIA,TUNIS,33.8439408,9.400138
67,TURKEY,ANKARA,TURKEY,ANKARA,39.9207886,32.8540482
68,TURKEY,ISTANBUL,TURKEY,ISTANBUL,41.0096334,28.9651646
69,UKRAINE,KYIV,UKRAINE,KYIV,50.4500336,30.5241361
70,UNITED ARAB EMIRATES,ABU DHABI,UNITED ARAB EMIRATES,ABU DHABI,24.4538352,54.3774014
71,UNITED KINGDOM,LONDON,UNITED KINGDOM,LONDON,51.5073219,-0.1276474
72,USA,"LOS ANGELES, CA",USA,"LOS ANGELES, CA",34.0536909,-118.242766
73,USA,"NEW YORK, NY",USA,"NEW YORK, NY",40.7127281,-74.0060152
74,USA,"WASHINGTON, DC",USA,"WASHINGTON, DC",38.8950368,-77.0365427
75,VENEZUELA,CARACAS,VENEZUELA,CARACAS,10.506098,-66.9146017
76,VIETNAM,HANOI,VIETNAM,HANOI,21.0294498,105.8544441
78,ANGOLA,LUANDA,ANGOLA,LUANDA,-8.8272699,13.2439512
81,AUSTRIA,VIENNA,AUSTRIA,VIENNA,48.2083537,16.3725042
82,BENIN,COTONOU,BENIN,COTONOU,6.3676953,2.4252507
83,BRAZIL,SAO PAULO,BRAZIL,SAO PAULO,-23.5506507,-46.6333824
85,BURKINA FASO,OUAGADOUGOU,BURKINA FASO,OUAGADOUGOU,12.3681873,-1.5270944
86,BURUNDI,BUJUMBURA,BURUNDI,BUJUMBURA,-3.3638125,29.3675028
87,CAMEROON,YAONDE,CAMEROON,YAOUNDE,3.8689867,11.5213344
88,CANADA,MONTREAL,CANADA,MONTREAL,45.5031824,-73.5698065
91,CHINA,GUANGZHOU (CANTON),CHINA,GUANGZHOU (CANTON),23.1301964,113.2592945
93,COLOMBIA,BOGOTA,COLOMBIA,BOGOTA,4.6533326,-74.083652
94,CONGO (DEMOCRATIC REPUBLIC),KINSHASA,DEMOCRATIC REPUBLIC OF THE CONGO,KINSHASA,-4.3217055,15.3125974
95,CONGO (DEMOCRATIC REPUBLIC),LUBUMBASHI,DEMOCRATIC REPUBLIC OF THE CONGO,LUBUMBASHI,-11.6642316,27.4826264
96,COTE D'IVOIRE,ABIDJAN ,COTE D'IVOIRE,ABIDJAN ,5.320357,-4.016107
105,GREECE,ATHENS,GREECE,ATHENS,37.9839412,23.7283052
108,INDIA,MUMBAI,INDIA,MUMBAI,19.0759899,72.8773928
113,ISRAEL,JERUSALEM,ISRAEL,JERUSALEM,31.7788242,35.2257626
115,JAMAICA,KINGSTON,JAMAICA,KINGSTON,17.9712148,-76.7928128
119,KOSOVO,PRISTINA,KOSOVO,PRISTINA,42.6638771,21.1640849
124,MOROCCO,CASABLANCA,MOROCCO,CASABLANCA,33.5950627,-7.6187768
129,PANAMA,PANAMA CITY,PANAMA,PANAMA CITY,8.9714493,-79.5341802
134,QATAR,DOHA,QATAR,DOHA,25.2856329,51.5264162
137,RWANDA,KIGALI,RWANDA,KIGALI,-1.950851,30.061507
141,SINGAPORE,SINGAPORE,SINGAPORE,SINGAPORE,1.357107,103.8194992
142,SOUTH AFRICA,CAPE TOWN,SOUTH AFRICA,CAPE TOWN,-33.928992,18.417396
143,SOUTH AFRICA,JOHANNESBURG,SOUTH AFRICA,JOHANNESBURG,-26.205,28.049722
148,TANZANIA,DAR ES SALAAM,TANZANIA,DAR ES SALAAM,-6.8160837,39.2803583
153,UGANDA,KAMPALA,UGANDA,KAMPALA,0.3177137,32.5813539
157,USA,"ATLANTA, GA",USA,"ATLANTA, GA",33.7489924,-84.3902644
162,AFGHANISTAN,KABUL,AFGHANISTAN,KABUL,34.5260109,69.1776838
166,ARMENIA,YEREVAN,ARMENIA,YEREVAN,40.1776245,44.5126174
167,AUSTRALIA,SYDNEY,AUSTRALIA,SYDNEY,-33.8548157,151.2164539
170,BELARUS,MINSK,BELARUS,MINSK,53.9024716,27.5618225
177,CANADA,TORONTO,CANADA,TORONTO,43.6534817,-79.3839347
186,GEORGIA,TBILISSI,GEORGIA,TBILISSI,41.6934591,44.8014495
188,GHANA,ACCRA,GHANA,ACCRA,5.5571096,-0.2012376
194,IRAQ,BAGHDAD,IRAQ,BAGHDAD,33.3024309,44.3787992
195,IRAQ,ERBIL,IRAQ,ERBIL,36.1911624,44.0094652
205,MOLDOVA,CHISINAU,MOLDOVA,CHISINAU,47.0245117,28.8322923
206,MONGOLIA,ULAN BATOR,MONGOLIA,ULAN BATOR,47.9184676,106.9177016
209,NORTH KOREA,PYONGYANG,NORTH KOREA,PYONGYANG,39.0167979,125.7473609
216,RUSSIAN FEDERATION,ST. PETERSBURG,RUSSIAN FEDERATION,ST. PETERSBURG,59.938732,30.316229
217,RUSSIAN FEDERATION,YEKATERINBURG,RUSSIAN FEDERATION,YEKATERINBURG,56.839104,60.60825
225,SYRIA,DAMASCUS,SYRIA,DAMASCUS,33.5130695,36.3095814
232,UKRAINE,LVIV,UKRAINE,LVIV,49.841952,24.0315921
235,USA,"CHICAGO, IL",USA,"CHICAGO, IL",41.8755616,-87.6244212
239,UZBEKISTAN,TASHKENT,UZBEKISTAN,TASHKENT,41.3123363,69.2787079
245,BANGLADESH,DHAKA,BANGLADESH,DHAKA,23.7861979,90.4026151
247,BOLIVIA,LA PAZ,BOLIVIA,LA PAZ,-16.4955455,-68.1336229
259,GERMANY,FLENSBURG,GERMANY,FLENSBURG,54.7833021,9.4333264
263,ICELAND,REYKJAVIK,ICELAND,REYKJAVIK,64.145981,-21.9422367
272,LATVIA,RIGA,LATVIA,RIGA,56.9493977,24.1051846
275,MALI,BAMAKO,MALI,BAMAKO,12.61326555,-7.984739136241295
278,MOZAMBIQUE,MAPUTO,MOZAMBIQUE,MAPUTO,-25.966213,32.56745
279,NEPAL,KATHMANDU,NEPAL,KATHMANDU,27.708317,85.3205817
299,UNITED ARAB EMIRATES,DUBAI,UNITED ARAB EMIRATES,DUBAI,25.2653471,55.2924914
319,RUSSIAN FEDERATION,PSKOV,RUSSIAN FEDERATION,PSKOV,57.817398,28.334368
348,LITHUANIA,VILNIUS,LITHUANIA,VILNIUS,54.6870458,25.2829111
353,NAMIBIA,WINDHOEK,NAMIBIA,WINDHOEK,-22.5743922,17.0790688
363,RUSSIAN FEDERATION,MURMANSK,RUSSIAN FEDERATION,MURMANSK,68.970665,33.07497
364,RUSSIAN FEDERATION,PETROZAVODSK,RUSSIAN FEDERATION,PETROZAVODSK,61.790039,34.390007
383,ZAMBIA,LUSAKA,ZAMBIA,LUSAKA,-15.4164488,28.2821535
387,ALGERIA,ANNABA,ALGERIA,ANNABA,36.8982165,7.7549272
388,ALGERIA,ORAN,ALGERIA,ORAN,35.7032751,-0.6492976
396,BAHRAIN,MANAMA,BAHRAIN,MANAMA,26.2235041,50.5822436
403,BOTSWANA,GABORONE,BOTSWANA,GABORONE,-24.6581357,25.9088474
405,BRAZIL,RIO DE JANEIRO,BRAZIL,RIO DE JANEIRO,-22.9110137,-43.2093727
407,BRUNEI,BANDAR SERI BEGWAN,BRUNEI,BANDAR SERI BEGAWAN,4.8895453,114.9417574
411,CAMBODIA,PHNOM PENH,CAMBODIA,PHNOM PENH,11.568271,104.9224426
412,CAMEROON,DOUALA,CAMEROON,DOUALA,4.0429408,9.706203
417,CANADA,VANCOUVER,CANADA,VANCOUVER,49.2608724,-123.113952
418,CAPE VERDE,CIDADE DA PRAIA,CAPE VERDE,CIDADE DA PRAIA,15.14035365,-23.21524362921194
419,CENTRAL AFRICAN REPUBLIC,BANGUI,CENTRAL AFRICAN REPUBLIC,BANGUI,4.3907153,18.5509126
420,CHAD,N'DJAMENA,CHAD,N'DJAMENA,12.1191543,15.0502758
423,CHINA,CHENGDU,CHINA,CHENGDU,30.6598628,104.0633717
426,CHINA,WUHAN,CHINA,WUHAN,30.5951051,114.2999353
428,COMOROS,MORONI,COMOROS,MORONI,-11.6931255,43.2543044
429,COMOROS,MUTSAMUDU,COMOROS,MUTSAMUDU,-12.168846,44.3942831
430,CONGO (BRAZZAVILLE),BRAZZAVILLE,REPUBLIC OF THE CONGO,BRAZZAVILLE,-4.2694407,15.2712256
431,CONGO (BRAZZAVILLE),POINTE NOIRE,REPUBLIC OF THE CONGO,POINTE NOIRE,-4.7975373,11.8503297
433,COSTA RICA,SAN JOSE,COSTA RICA,SAN JOSE,9.9325427,-84.0795782
440,DJIBOUTI,DJIBOUTI,DJIBOUTI,DJIBOUTI,11.8145966,42.8453061
441,DOMINICAN REPUBLIC,SANTO DOMINGO,DOMINICAN REPUBLIC,SANTO DOMINGO,18.4801972,-69.942111
442,ECUADOR,QUITO,ECUADOR,QUITO,-0.2201641,-78.5123274
444,EL SALVADOR,SAN SALVADOR,EL SALVADOR,SAN SALVADOR,13.6989939,-89.1914249
445,EQUATORIAL GUINEA,MALABO,EQUATORIAL GUINEA,MALABO,3.752828,8.780061
447,FIJI,SUVA,FIJI,SUVA,-18.1415884,178.4421662
450,GABON,LIBREVILLE,GABON,LIBREVILLE,0.390002,9.454001
453,GERMANY,FRANKFURT/MAIN,GERMANY,FRANKFURT/MAIN,50.0537637,8.6370858
456,GUATEMALA,GUATEMALA CITY,GUATEMALA,GUATEMALA CITY,14.6222328,-90.5185188
457,GUINEA,CONAKRY,GUINEA,CONAKRY,9.5170602,-13.6998434
458,GUINEA-BISSAU,BISSAU,GUINEA-BISSAU,BISSAU,11.861324,-15.583055
459,HAITI,PORT AU PRINCE,HAITI,PORT AU PRINCE,18.547327,-72.3395928
460,HONDURAS,TEGUCIGALPA,HONDURAS,TEGUCIGALPA,14.1056861,-87.204676
462,INDIA,BANGALORE,INDIA,BANGALORE,12.9767936,77.590082
463,INDIA,KOLKATA,INDIA,KOLKATA,22.5414185,88.35769124388872
466,INDIA,PONDICHERY,INDIA,PONDICHERY,11.9340568,79.8306447
478,KAZAKHSTAN,ALMATY,KAZAKHSTAN,ALMATY,43.2363924,76.9457275
482,LAOS,VIENTIANE,LAOS,VIENTIANE,17.9640988,102.6133707
484,MADAGASCAR,ANTANANARIVO,MADAGASCAR,ANTANANARIVO,-18.9100122,47.5255809
488,MAURITANIA,NOUAKCHOTT,MAURITANIA,NOUAKCHOTT,18.0629628,-15.962910646085763
489,MAURITIUS,PORT LOUIS,MAURITIUS,PORT LOUIS,-20.1624522,57.5028044
492,MONACO,MONACO,MONACO,MONACO,43.73844905,7.424224092532953
494,MOROCCO,AGADIR,MOROCCO,AGADIR,30.4211144,-9.5830626
496,MOROCCO,FES,MOROCCO,FES,34.0346534,-5.0161926
497,MOROCCO,MARRAKECH,MOROCCO,MARRAKECH,31.6258257,-7.9891608
499,MOROCCO,TANGER,MOROCCO,TANGER,35.777103,-5.803792
501,MYANMAR,YANGON,MYANMAR,YANGON,16.7967129,96.1609916
504,NEW ZEALAND,WELLINGTON,NEW ZEALAND,WELLINGTON,-41.2887953,174.7772114
505,NICARAGUA,MANAGUA,NICARAGUA,MANAGUA,12.1459907,-86.2746665
506,NIGER,NIAMEY,NIGER,NIAMEY,13.524834,2.109823
508,NIGERIA,LAGOS,NIGERIA,LAGOS,6.4550575,3.3941795
510,OMAN,MUSCAT,OMAN,MUSCAT,23.5882019,58.3829448
512,PAKISTAN,KARACHI,PAKISTAN,KARACHI,24.8546842,67.0207055
514,PAPUA NEW GUINEA,PORT MORESBY,PAPUA NEW GUINEA,PORT MORESBY,-9.4743301,147.1599504
515,PARAGUAY,ASUNCION,PARAGUAY,ASUNCION,-25.2800459,-57.6343814
525,SAINT LUCIA,CASTRIES,SAINT LUCIA,CASTRIES,14.0095966,-60.9902359
526,SAUDI ARABIA,JEDDAH,SAUDI ARABIA,JEDDAH,21.5810088,39.1653612
530,SEYCHELLES,VICTORIA,SEYCHELLES,VICTORIA,-4.6232085,55.452359
537,SOUTH SUDAN,JUBA,SOUTH SUDAN,JUBA,4.8472017,31.5951655
539,SRI LANKA,COLOMBO,SRI LANKA,COLOMBO,6.9387469,79.8541134
540,SUDAN,KHARTOUM,SUDAN,KHARTOUM,15.5635972,32.5349123
541,SURINAME,PARAMARIBO,SURINAME,PARAMARIBO,5.8247628,-55.1703941
543,SWITZERLAND,GENEVA,SWITZERLAND,GENEVA,46.2017559,6.1466014
544,SWITZERLAND,ZURICH,SWITZERLAND,ZURICH,47.3744489,8.5410422
545,SYRIA,ALEPPO,SYRIA,ALEPPO,36.19924,37.1637253
550,TOGO,LOME,TOGO,LOME,6.130419,1.215829
551,TRINIDAD AND TOBAGO,PORT OF SPAIN,TRINIDAD AND TOBAGO,PORT OF SPAIN,10.6572678,-61.5180173
555,TURKMENISTAN,ASHGABAT,TURKMENISTAN,ASHGABAT,37.9404648,58.3823487
560,UNITED KINGDOM,EDINBURGH,UNITED KINGDOM,EDINBURGH,55.9533456,-3.1883749
562,URUGUAY,MONTEVIDEO,URUGUAY,MONTEVIDEO,-34.9058916,-56.1913095
564,USA,"BOSTON, MA",USA,"BOSTON, MA",42.3602534,-71.0582912
566,USA,"HOUSTON, TX",USA,"HOUSTON, TX",29.7589382,-95.3676974
568,USA,"MIAMI, FL",USA,"MIAMI, FL",25.7741728,-80.19362
570,USA,"SAN FRANCISCO, CA",USA,"SAN FRANCISCO, CA",37.7790262,-122.419906
573,VANUATU,PORT VILA,VANUATU,PORT VILA,-17.7414972,168.3150163
576,VIETNAM,HO CHI MINH,VIETNAM,HO CHI MINH,10.7685143,106.6950275
577,YEMEN,SANA'A,YEMEN,SANA'A,15.3538569,44.2058841
578,ZIMBABWE,HARARE,ZIMBABWE,HARARE,-17.831773,31.045686
597,BRAZIL,PORTO ALEGRE,BRAZIL,PORTO ALEGRE,-30.0324999,-51.2303767
598,BRAZIL,RECIFE,BRAZIL,RECIFE,-8.0584933,-34.8848193
611,CHINA,SHENYANG,CHINA,SHENYANG,41.6749893,123.458674
638,INDIA,CHENNAI,INDIA,CHENNAI,13.0836939,80.270186
650,JAPAN,OSAKA,JAPAN,OSAKA,34.6198813,135.490357
658,KYRGYZSTAN,BISHKEK,KYRGYZSTAN,BISHKEK,42.8765615,74.6070079
669,MONTENEGRO,PODGORICA,MONTENEGRO,PODGORICA,42.4415238,19.2621081
675,NETHERLANDS,AMSTERDAM,NETHERLANDS,AMSTERDAM,52.3727598,4.8936041
684,PALESTINIAN AUTHORITY,RAMALLAH,PALESTINIAN AUTHORITY,RAMALLAH,31.9179358,35.2056759
693,RUSSIAN FEDERATION,KALININGRAD,RUSSIAN FEDERATION,KALININGRAD,54.710128,20.5105838
695,RUSSIAN FEDERATION,NOVOSIBIRSK,RUSSIAN FEDERATION,NOVOSIBIRSK,55.0282171,82.9234509
713,TAJIKISTAN,DUSHANBE,TAJIKISTAN,DUSHANBE,38.5425835,68.81521423589763
721,TURKEY,IZMIR,TURKEY,IZMIR,38.4147331,27.1434119
745,ALBANIA,GHIROKASTER,ALBANIA,GJIROKASTER,40.07106165,20.112249461509478
746,ALBANIA,KORCE,ALBANIA,KORCE,40.61788765,20.778459264467827
751,AUSTRALIA,ADELAIDE,AUSTRALIA,ADELAIDE,-34.9281805,138.5999312
753,AUSTRALIA,MELBOURNE,AUSTRALIA,MELBOURNE,-37.8142176,144.9631608
754,AUSTRALIA,PERTH,AUSTRALIA,PERTH,-31.9527121,115.8604796
761,BULGARIA,PLOVDIV,BULGARIA,PLOVDIV,42.1418541,24.7499297
775,EGYPT,ALEXANDRIA,EGYPT,ALEXANDRIA,31.199004,29.894378
779,FORMER YUGOSLAV REPUBLIC OF MACEDONIA,BITOLA,MACEDONIA,BITOLA,41.0316005,21.3302511
781,FRANCE,MARSEILLE,FRANCE,MARSEILLE,43.2961743,5.3699525
785,GERMANY,STUTTGART,GERMANY,STUTTGART,48.7784485,9.1800132
815,RUSSIAN FEDERATION,NOVOROSSIISK,RUSSIAN FEDERATION,NOVOROSSIISK,44.7239578,37.7690711
828,TURKEY,EDIRNE,TURKEY,EDIRNE,41.6759327,26.5587225
832,UKRAINE,MARIUPOL,UKRAINE,MARIUPOL,47.0957648,37.5499621
833,UKRAINE,ODESA,UKRAINE,ODESA,46.4858883,30.683651011009996
843,USA,"TAMPA, FL",USA,"TAMPA, FL",27.9477595,-82.458444
858,CHINA,CHONGQING,CHINA,CHONGQING,29.5647398,106.5478767
880,LIBYA,TRIPOLI,LIBYA,TRIPOLI,32.896672,13.1777923
895,SERBIA,SUBOTICA,SERBIA,SUBOTICA,46.1002058,19.6653273
906,UKRAINE,BEREHOVE,UKRAINE,BEREHOVE,48.2050985,22.6453246
908,UKRAINE,UZHHOROD,UKRAINE,UZHHOROD,48.6223732,22.3022569
919,ALBANIA,VLORE,ALBANIA,VLORE,40.4707602,19.4912716
925,AUSTRALIA,BRISBANE,AUSTRALIA,BRISBANE,-27.4689682,153.0234991
938,BRAZIL,BELO HORIZONTE,BRAZIL,BELO HORIZONTE,-19.9227318,-43.9450948
940,BRAZIL,CURITIBA,BRAZIL,CURITIBA,-25.4295963,-49.2712724
968,ERITREA,ASMARA,ERITREA,ASMARA,15.3389667,38.9326763
1026,SAN MARINO,SAN MARINO,SAN MARINO,SAN MARINO,43.9458623,12.458306
1042,SWITZERLAND,LUGANO,SWITZERLAND,LUGANO,46.0050102,8.9520281
1059,USA,"DETROIT, MI",USA,"DETROIT, MI",42.3315509,-83.0466403
1064,USA,"PHILADELPHIA, PA",USA,"PHILADELPHIA, PA",39.9527237,-75.1635262
1069,VENEZUELA,MARACAIBO,VENEZUELA,MARACAIBO,10.6498095,-71.6443596
1077,BELARUS,VITSYEBSK,BELARUS,VITEBSK,55.1930197,30.2070437
1081,ESTONIA,TALLINN,ESTONIA,TALLINN,59.4372155,24.7453688
1101,BELARUS,GRODNO,BELARUS,GRODNO,53.6834599,23.8342648
1125,RUSSIAN FEDERATION,SOVETSK,RUSSIAN FEDERATION,SOVETSK,55.0809688,21.8882673
1145,LUXEMBOURG,LUXEMBURG,LUXEMBOURG,LUXEMBURG,49.8158683,6.1296751
1196,BHUTAN,THIMPHU,BHUTAN,THIMPHU,27.4713546,89.6336729
1202,CANADA,EDMONTON,CANADA,EDMONTON,53.535411,-113.507996
1249,MOROCCO,NADOR,MOROCCO,NADOR,35.051739350000005,-2.824650885931628
1253,NETHERLANDS,ARUBA,NETHERLANDS,ARUBA,12.4902998,-69.9609842
1255,NETHERLANDS,WILLEMSTAD (CURACAO),NETHERLANDS,WILLEMSTAD (CURACAO),12.1066695,-68.9351307
1266,RUSSIAN FEDERATION,ROSTOV,RUSSIAN FEDERATION,ROSTOV,47.2213858,39.7114196
1276,SOUTH AFRICA,DURBAN,SOUTH AFRICA,DURBAN,-29.861825,31.009909
1288,TUNISIA,SFAX,TUNISIA,SFAX,34.723126,10.335817132619365
1299,UNITED KINGDOM,MANCHESTER,UNITED KINGDOM,MANCHESTER,53.4794892,-2.2451148
1353,MALAWI,LILONGWE,MALAWI,LILONGWE,-13.9875107,33.768144
1395,BELARUS,BREST,BELARUS,BREST,52.093751,23.6851851
1452,RUSSIAN FEDERATION,IRKUTSK,RUSSIAN FEDERATION,IRKUTSK,56.6370122,104.719221
1470,UKRAINE,KHARKIV,UKRAINE,KHARKIV,49.9923181,36.2310146
1472,UKRAINE,LUTSK,UKRAINE,LUTSK,50.7450733,25.320078
1475,UKRAINE,VINNYTSYA,UKRAINE,VINNYTSYA,49.2392809,28.5110617
1486,ANGOLA,BENGUELA,ANGOLA,BENGUELA,-12.9104657,14.0356608
1496,BRAZIL,SALVADOR DE BAHIA,BRAZIL,SALVADOR DE BAHIA,-12.9822499,-38.4812772
1512,FRANCE,BORDEAUX,FRANCE,BORDEAUX,44.841225,-0.5800364
1519,INDIA,GOA,INDIA,GOA,15.3004543,74.0855134
1527,MACAO S.A.R.,MACAO,MACAO S.A.R.,MACAO,22.123437199999998,113.55252481834287
1530,MOZAMBIQUE,BEIRA,MOZAMBIQUE,BEIRA,-19.828707,34.841782
1538,SAO TOME AND PRINCIPE,SAO TOME ,SAO TOME AND PRINCIPE,SAO TOME ,0.3389242,6.7313031
1546,SPAIN,SEVILLA,SPAIN,SEVILLA,37.3886303,-5.9953403
1549,TIMOR-LESTE,DILI,TIMOR-LESTE,DILI,-8.5536809,125.5784093
1557,USA,"NEW BEDFORD, MA",USA,"NEW BEDFORD, MA",41.6362152,-70.934205
1559,USA,"NEWARK, NJ",USA,"NEWARK, NJ",40.735657,-74.1723667
1563,VENEZUELA,VALENCIA,VENEZUELA,VALENCIA,10.170026,-68.0003987
1632,USA,"CLEVELAND, OH",USA,"CLEVELAND, OH",41.5051613,-81.6934446
1638,ANDORRA,ANDORRA LA VELLA,ANDORRA,ANDORRA LA VELLA,42.5069391,1.5212467
1640,ARGENTINA,BAHIA BLANCA,ARGENTINA,BAHIA BLANCA,-38.7176522,-62.2654871
1642,ARGENTINA,CORDOBA,ARGENTINA,CORDOBA,-31.4173391,-64.183319
1643,ARGENTINA,MENDOZA,ARGENTINA,MENDOZA,-34.787093049999996,-68.43818677312292
1644,ARGENTINA,ROSARIO (Santa Fé),ARGENTINA,ROSARIO (Santa Fé),-32.9595004,-60.6615415
1652,BOLIVIA,SANTA CRUZ DE LA SIERRA,BOLIVIA,SANTA CRUZ DE LA SIERRA,-17.7834936,-63.1820853
1679,ECUADOR,GUAYAQUIL,ECUADOR,GUAYAQUIL,-2.1900703,-79.8868702
1684,EQUATORIAL GUINEA,BATA,EQUATORIAL GUINEA,BATA,2.0064092000000002,9.908768301060093
1691,FRANCE,LYON,FRANCE,LYON,45.7578137,4.8320114
1694,FRANCE,PERPIGNAN,FRANCE,PERPIGNAN,42.6985304,2.8953121
1697,GERMANY,DUSSELDORF,GERMANY,DUSSELDORF,51.2254018,6.7763137
1699,GERMANY,HAMBURG,GERMANY,HAMBURG,53.550341,10.000654
1718,ITALY,NAPLES,ITALY,NAPLES,40.8359336,14.2487826
1733,MEXICO,GUADALAJARA,MEXICO,GUADALAJARA,20.6720375,-103.338396
1735,MEXICO,MONTERREY,MEXICO,MONTERREY,25.6802019,-100.315258
1741,MOROCCO,TETOUAN,MOROCCO,TETOUAN,35.570175,-5.3742776
1759,PORTUGAL,PORTO,PORTUGAL,PORTO,41.1494512,-8.6107884
1868,COTE D'IVOIRE,ABIDJAN,COTE D'IVOIRE,ABIDJAN,5.320357,-4.016107
1921,SPAIN,BARCELONA,SPAIN,BARCELONA,41.3828939,2.1774322
